{
  "info": {
    "time": "2026-04-13T15:12:49.349248",
    "calls": 45,
    "prompts": 5,
    "rounds": 3,
    "filter": "ai.llm.chat"
  },
  "su": {
    "A_ASM": {
      "n": 15,
      "tp_m": 0.9412,
      "tp_s": 0.031,
      "dc_m": 6.5e-06,
      "dl_m": 0.6,
      "dq_m": 0.8083,
      "al_m": 7.0824,
      "al_s": 2.2328,
      "q_m": 0.895,
      "q_s": 0.1449,
      "kw": 0.8
    },
    "B_Random": {
      "n": 15,
      "tp_m": 0.6816,
      "tp_s": 0.3892,
      "dc_m": 6.17e-06,
      "dl_m": 0.9,
      "dq_m": 0.8167,
      "al_m": 7.5389,
      "al_s": 2.6794,
      "q_m": 0.895,
      "q_s": 0.1449,
      "kw": 0.8
    },
    "C_Expensive": {
      "n": 15,
      "tp_m": 0.7237,
      "tp_s": 0.0241,
      "dc_m": 9.4e-06,
      "dl_m": 0.8,
      "dq_m": 0.8167,
      "al_m": 14.6624,
      "al_s": 29.2839,
      "q_m": 0.8583,
      "q_s": 0.1814,
      "kw": 0.7333
    }
  },
  "ts": {
    "topsis": {
      "ab": {
        "t": 2.5754,
        "p": 0.021837,
        "s": true
      },
      "ac": {
        "t": 21.4739,
        "p": 0.0,
        "s": true
      }
    },
    "a_lat": {
      "ab": {
        "t": -0.507,
        "p": 0.616249,
        "s": false
      },
      "ac": {
        "t": -0.9996,
        "p": 0.334273,
        "s": false
      }
    },
    "qual": {
      "ab": {
        "t": 0.0,
        "p": 1.0,
        "s": false
      },
      "ac": {
        "t": 0.6116,
        "p": 0.545987,
        "s": false
      }
    },
    "d_cost": {
      "ab": {
        "t": 0.4372,
        "p": 0.665514,
        "s": false
      },
      "ac": {
        "t": -3.2532,
        "p": 0.003439,
        "s": true
      }
    }
  },
  "fr": {
    "A_ASM": {
      "GPT-4o": 15
    },
    "B_Random": {
      "GPT-4o": 10,
      "Gemini 2.5 Pro": 5
    },
    "C_Expensive": {
      "Claude Sonnet 4": 15
    }
  },
  "tr": {
    "A_ASM": {
      "dm": 10.8039,
      "ds": 3.7214
    },
    "B_Random": {
      "dm": 9.3315,
      "ds": 5.3972
    },
    "C_Expensive": {
      "dm": 17.328,
      "ds": 36.6049
    }
  }
}